{"stats":{"minecraft:custom":{"minecraft:inspect_dropper":19,"minecraft:interact_with_anvil":2,"minecraft:mob_kills":13,"minecraft:inspect_hopper":25,"minecraft:tune_noteblock":685,"minecraft:interact_with_crafting_table":1,"minecraft:leave_game":29,"minecraft:time_since_death":1212406,"minecraft:time_since_rest":1212456,"minecraft:sprint_one_cm":240435,"minecraft:damage_taken":150,"minecraft:walk_one_cm":1650673,"minecraft:drop":8,"minecraft:damage_dealt":1798,"minecraft:fly_one_cm":2784579,"minecraft:open_chest":8,"minecraft:crouch_one_cm":26148,"minecraft:play_time":1214101,"minecraft:deaths":1,"minecraft:sneak_time":21216,"minecraft:jump":2353,"minecraft:total_world_time":2802828,"minecraft:fall_one_cm":2048,"minecraft:inspect_dispenser":2},"minecraft:dropped":{"minecraft:oak_door":1,"minecraft:blue_wool":1,"minecraft:oak_sign":1,"minecraft:stone":1,"minecraft:repeater":2,"minecraft:chain_command_block":1,"minecraft:music_disc_blocks":1},"minecraft:killed":{"minecraft:cat":2,"minecraft:iron_golem":1,"minecraft:sheep":1,"minecraft:chicken":8,"minecraft:villager":1},"minecraft:used":{"minecraft:oak_fence":8,"minecraft:netherite_sword":9,"minecraft:dropper":5,"minecraft:flint_and_steel":28,"minecraft:armor_stand":1,"minecraft:red_concrete":4,"minecraft:redstone":136,"minecraft:dispenser":1,"minecraft:dark_oak_sign":1,"minecraft:lime_wool":24,"minecraft:oak_sign":193,"minecraft:blue_wool":746,"minecraft:copper_block":1,"minecraft:chest":2,"minecraft:redstone_block":84,"minecraft:beacon":1,"minecraft:sheep_spawn_egg":1,"minecraft:anvil":1,"minecraft:diamond_block":6,"minecraft:dirt":2,"minecraft:target":10,"minecraft:comparator":17,"minecraft:hopper":44,"minecraft:prismarine_bricks":17,"minecraft:light_blue_wool":37,"minecraft:prismarine_brick_stairs":11,"minecraft:note_block":61,"minecraft:warped_planks":6,"minecraft:redstone_torch":8,"minecraft:lever":14,"minecraft:black_wool":607,"minecraft:acacia_sign":49,"minecraft:red_wool":98,"minecraft:command_block":87,"minecraft:quartz_slab":1,"minecraft:iron_block":78,"minecraft:lantern":8,"minecraft:grass_block":39,"minecraft:barrier":35,"minecraft:stone_button":22,"minecraft:oak_pressure_plate":1,"minecraft:crimson_nylium":1,"minecraft:yellow_wool":276,"minecraft:light_gray_wool":50,"minecraft:diamond_chestplate":1,"minecraft:birch_button":12,"minecraft:glowstone":160,"minecraft:diamond_sword":38,"minecraft:repeater":96,"minecraft:warped_stairs":2,"minecraft:emerald_block":76,"minecraft:chain_command_block":518,"minecraft:gold_block":79,"minecraft:magenta_glazed_terracotta":14,"minecraft:repeating_command_block":9},"minecraft:picked_up":{"minecraft:wheat":12,"minecraft:feather":3,"minecraft:chicken":5,"minecraft:repeater":2,"minecraft:potato":65,"minecraft:yellow_bed":1,"minecraft:string":2,"minecraft:lantern":3,"minecraft:oak_sign":42,"minecraft:beetroot":1,"minecraft:wheat_seeds":34,"minecraft:comparator":1,"minecraft:acacia_sign":8,"minecraft:redstone_torch":2,"minecraft:poppy":2,"minecraft:egg":8,"minecraft:blue_wool":1,"minecraft:music_disc_blocks":2,"minecraft:chain_command_block":1,"minecraft:stone":5,"minecraft:oak_door":3,"minecraft:torch":14,"minecraft:dandelion":3,"minecraft:note_block":1,"minecraft:porkchop":3,"minecraft:stone_button":8,"minecraft:carrot":42,"minecraft:redstone":3,"minecraft:orange_wool":1,"minecraft:beetroot_seeds":2,"minecraft:lever":2,"minecraft:mutton":1,"minecraft:oxeye_daisy":2},"minecraft:crafted":{"minecraft:leather_helmet":1}},"DataVersion":2730}